{
	"BASE_URL": "",
	"EMAIL": "",
	"PASSWORD": "",
	"id": "be3bf258-895f-4f5b-bbe9-b716d75f4261",
	"title": "Totalling by key and numerical value",
	"module": "",
	"owner": "JuezLTI Erasmus+",
	"keywords": [],
	"type": "BLANK_SHEET",
	"event": "",
	"platform": "",
	"difficulty": "AVERAGE",
	"status": "DRAFT",
	"timeout": 0,
	"programmingLanguages": [
		"xpath"
	],
	"created_at": "2021-12-11T17:21:06.419Z",
	"updated_at": "2021-12-11T17:21:06.419Z",
	"skeletons": [],
	"libraries": [],
	"libraries_contents": {},
	"skeletons_contents": {},
	"author": "anonymous"
}