{
	"BASE_URL": "",
	"EMAIL": "",
	"PASSWORD": "",
	"id": "6c882692-0583-4f96-969a-b601ea0a89be",
	"title": "Titles in the text",
	"module": "XPATH",
	"owner": "JuezLTI Erasmus+",
	"keywords": [
		"XPATH"
	],
	"type": "BLANK_SHEET",
	"event": "",
	"platform": "",
	"difficulty": "EASY",
	"status": "DRAFT",
	"timeout": 0,
	"programmingLanguages": [
		"XML"
	],
	"created_at": "2021-11-07T13:39:02.989Z",
	"updated_at": "2021-11-07T13:39:02.989Z",
	"skeletons": [],
	"skeletons_contents": {},
	"author": "anonymous"
}